{"Region": "switzerland","SWlongitude":5.756835937499999,"SWlatitude":45.744526980468436,"NElongitude":10.72265625,"NElatitude":47.85740289465826}
