{"Region": "switzerland","SWlongitude":5.756835937499999,"SWlatitude":45.744526980468436,"NElongitude":10.72265625,"NElatitude":47.85740289465826}
{"Region": "london","SWlongitude":-0.545196533203125,"SWlatitude":51.26019611626714,"NElongitude":0.298004150390625,"NElatitude":51.72022261695929}
